{
  "KWh": 777.5834961,
  "MTD_KWh": 777.5834961,
  "YTD_KWh": 777.5834961
}